<?xml version="1.0" encoding="ISO-8859-1" ?>
<link_info>
   <banner>TI ARM Linker PC v18.1.4.LTS</banner>
   <copyright>Copyright (c) 1996-2018 Texas Instruments Incorporated</copyright>
   <link_time>0x5cccb502</link_time>
   <link_errors>0x0</link_errors>
   <output_file>cameraDeneme.out</output_file>
   <entry_point>
      <name>_c_int00_noinit_noargs</name>
      <address>0x26d</address>
   </entry_point>
   <input_file_list>
      <input_file id="fl-2">
         <path>.\</path>
         <kind>object</kind>
         <file>main.obj</file>
         <name>main.obj</name>
      </input_file>
      <input_file id="fl-3">
         <path>.\</path>
         <kind>object</kind>
         <file>tm4c123gh6pm_startup_ccs.obj</file>
         <name>tm4c123gh6pm_startup_ccs.obj</name>
      </input_file>
      <input_file id="fl-7">
         <kind>object</kind>
         <file>&lt;internal&gt;</file>
         <name>&lt;internal&gt;</name>
      </input_file>
      <input_file id="fl-bd">
         <path>C:\ti\ccsv8\tools\compiler\ti-cgt-arm_18.1.4.LTS\lib\</path>
         <kind>archive</kind>
         <file>rtsv7M4_T_le_v4SPD16_eabi.lib</file>
         <name>copy_zero_init.c.obj</name>
      </input_file>
      <input_file id="fl-be">
         <path>C:\ti\ccsv8\tools\compiler\ti-cgt-arm_18.1.4.LTS\lib\</path>
         <kind>archive</kind>
         <file>rtsv7M4_T_le_v4SPD16_eabi.lib</file>
         <name>copy_decompress_none.c.obj</name>
      </input_file>
      <input_file id="fl-bf">
         <path>C:\ti\ccsv8\tools\compiler\ti-cgt-arm_18.1.4.LTS\lib\</path>
         <kind>archive</kind>
         <file>rtsv7M4_T_le_v4SPD16_eabi.lib</file>
         <name>copy_decompress_lzss.c.obj</name>
      </input_file>
      <input_file id="fl-c0">
         <path>C:\ti\ccsv8\tools\compiler\ti-cgt-arm_18.1.4.LTS\lib\</path>
         <kind>archive</kind>
         <file>rtsv7M4_T_le_v4SPD16_eabi.lib</file>
         <name>boot_cortex_m.c.obj</name>
      </input_file>
      <input_file id="fl-c1">
         <path>C:\ti\ccsv8\tools\compiler\ti-cgt-arm_18.1.4.LTS\lib\</path>
         <kind>archive</kind>
         <file>rtsv7M4_T_le_v4SPD16_eabi.lib</file>
         <name>exit.c.obj</name>
      </input_file>
      <input_file id="fl-c2">
         <path>C:\ti\ccsv8\tools\compiler\ti-cgt-arm_18.1.4.LTS\lib\</path>
         <kind>archive</kind>
         <file>rtsv7M4_T_le_v4SPD16_eabi.lib</file>
         <name>_lock.c.obj</name>
      </input_file>
      <input_file id="fl-c3">
         <path>C:\ti\ccsv8\tools\compiler\ti-cgt-arm_18.1.4.LTS\lib\</path>
         <kind>archive</kind>
         <file>rtsv7M4_T_le_v4SPD16_eabi.lib</file>
         <name>args_main.c.obj</name>
      </input_file>
      <input_file id="fl-c4">
         <path>C:\ti\ccsv8\tools\compiler\ti-cgt-arm_18.1.4.LTS\lib\</path>
         <kind>archive</kind>
         <file>rtsv7M4_T_le_v4SPD16_eabi.lib</file>
         <name>memcpy_t2.asm.obj</name>
      </input_file>
      <input_file id="fl-c5">
         <path>C:\ti\ccsv8\tools\compiler\ti-cgt-arm_18.1.4.LTS\lib\</path>
         <kind>archive</kind>
         <file>rtsv7M4_T_le_v4SPD16_eabi.lib</file>
         <name>memset_t2.asm.obj</name>
      </input_file>
      <input_file id="fl-c6">
         <path>C:\ti\ccsv8\tools\compiler\ti-cgt-arm_18.1.4.LTS\lib\</path>
         <kind>archive</kind>
         <file>rtsv7M4_T_le_v4SPD16_eabi.lib</file>
         <name>autoinit.c.obj</name>
      </input_file>
      <input_file id="fl-c7">
         <path>C:\ti\ccsv8\tools\compiler\ti-cgt-arm_18.1.4.LTS\lib\</path>
         <kind>archive</kind>
         <file>rtsv7M4_T_le_v4SPD16_eabi.lib</file>
         <name>pre_init.c.obj</name>
      </input_file>
      <input_file id="fl-c8">
         <path>C:\ti\ccsv8\tools\compiler\ti-cgt-arm_18.1.4.LTS\lib\</path>
         <kind>archive</kind>
         <file>rtsv7M4_T_le_v4SPD16_eabi.lib</file>
         <name>cpy_tbl.c.obj</name>
      </input_file>
   </input_file_list>
   <object_component_list>
      <object_component id="oc-f">
         <name>.intvecs</name>
         <load_address>0x0</load_address>
         <run_address>0x0</run_address>
         <size>0x26c</size>
         <input_file_ref idref="fl-3"/>
      </object_component>
      <object_component id="oc-50">
         <name>.text:_c_int00_noinit_noargs:_c_int00_noinit_noargs</name>
         <load_address>0x26c</load_address>
         <run_address>0x26c</run_address>
         <size>0x30</size>
         <input_file_ref idref="fl-c0"/>
      </object_component>
      <object_component id="oc-24">
         <name>.text</name>
         <load_address>0x29c</load_address>
         <run_address>0x29c</run_address>
         <size>0xc</size>
         <input_file_ref idref="fl-3"/>
      </object_component>
      <object_component id="oc-92">
         <name>.text:_system_pre_init</name>
         <load_address>0x2a8</load_address>
         <run_address>0x2a8</run_address>
         <size>0x4</size>
         <input_file_ref idref="fl-c7"/>
      </object_component>
      <object_component id="oc-c0">
         <name>.text:abort:abort</name>
         <load_address>0x2ac</load_address>
         <run_address>0x2ac</run_address>
         <size>0x4</size>
         <input_file_ref idref="fl-c1"/>
      </object_component>
      <object_component id="oc-98">
         <name>.text</name>
         <load_address>0x2b0</load_address>
         <run_address>0x2b0</run_address>
         <size>0x2</size>
         <input_file_ref idref="fl-2"/>
      </object_component>
      <object_component id="oc-21">
         <name>.stack</name>
         <uninitialized>true</uninitialized>
         <run_address>0x20000000</run_address>
         <size>0x4</size>
         <input_file_ref idref="fl-c0"/>
      </object_component>
      <object_component id="oc-176">
         <name>.stack</name>
         <uninitialized>true</uninitialized>
         <run_address>0x20000000</run_address>
         <size>0x0</size>
      </object_component>
      <object_component id="oc-99">
         <name>.debug_info</name>
         <load_address>0x0</load_address>
         <run_address>0x0</run_address>
         <size>0xf2</size>
         <input_file_ref idref="fl-2"/>
      </object_component>
      <object_component id="oc-33">
         <name>.debug_info</name>
         <load_address>0xf2</load_address>
         <run_address>0xf2</run_address>
         <size>0x84</size>
         <input_file_ref idref="fl-2"/>
      </object_component>
      <object_component id="oc-2c">
         <name>.debug_info</name>
         <load_address>0x176</load_address>
         <run_address>0x176</run_address>
         <size>0x2b4</size>
         <input_file_ref idref="fl-3"/>
      </object_component>
      <object_component id="oc-10">
         <name>.debug_info</name>
         <load_address>0x42a</load_address>
         <run_address>0x42a</run_address>
         <size>0xf3</size>
         <input_file_ref idref="fl-3"/>
      </object_component>
      <object_component id="oc-25">
         <name>.debug_info</name>
         <load_address>0x51d</load_address>
         <run_address>0x51d</run_address>
         <size>0x26f</size>
         <input_file_ref idref="fl-3"/>
      </object_component>
      <object_component id="oc-6d">
         <name>.debug_info</name>
         <load_address>0x78c</load_address>
         <run_address>0x78c</run_address>
         <size>0x26b</size>
         <input_file_ref idref="fl-3"/>
      </object_component>
      <object_component id="oc-aa">
         <name>.debug_info</name>
         <load_address>0x9f7</load_address>
         <run_address>0x9f7</run_address>
         <size>0x297</size>
         <input_file_ref idref="fl-3"/>
      </object_component>
      <object_component id="oc-72">
         <name>.debug_info</name>
         <load_address>0xc8e</load_address>
         <run_address>0xc8e</run_address>
         <size>0xbb</size>
         <input_file_ref idref="fl-3"/>
      </object_component>
      <object_component id="oc-22">
         <name>.debug_info</name>
         <load_address>0xd49</load_address>
         <run_address>0xd49</run_address>
         <size>0x10b</size>
         <input_file_ref idref="fl-c0"/>
      </object_component>
      <object_component id="oc-53">
         <name>.debug_info</name>
         <load_address>0xe54</load_address>
         <run_address>0xe54</run_address>
         <size>0x1a8</size>
         <input_file_ref idref="fl-c0"/>
      </object_component>
      <object_component id="oc-c1">
         <name>.debug_info</name>
         <load_address>0xffc</load_address>
         <run_address>0xffc</run_address>
         <size>0x122</size>
         <input_file_ref idref="fl-c1"/>
      </object_component>
      <object_component id="oc-93">
         <name>.debug_info</name>
         <load_address>0x111e</load_address>
         <run_address>0x111e</run_address>
         <size>0x153</size>
         <input_file_ref idref="fl-c7"/>
      </object_component>
      <object_component id="oc-177">
         <name>.debug_info</name>
         <load_address>0x1271</load_address>
         <run_address>0x1271</run_address>
         <size>0xa9</size>
      </object_component>
      <object_component id="oc-9c">
         <name>.debug_line</name>
         <load_address>0x0</load_address>
         <run_address>0x0</run_address>
         <size>0x3f</size>
         <input_file_ref idref="fl-2"/>
      </object_component>
      <object_component id="oc-36">
         <name>.debug_line</name>
         <load_address>0x3f</load_address>
         <run_address>0x3f</run_address>
         <size>0x20</size>
         <input_file_ref idref="fl-2"/>
      </object_component>
      <object_component id="oc-6c">
         <name>.debug_line</name>
         <load_address>0x5f</load_address>
         <run_address>0x5f</run_address>
         <size>0x41</size>
         <input_file_ref idref="fl-3"/>
      </object_component>
      <object_component id="oc-2b">
         <name>.debug_line</name>
         <load_address>0xa0</load_address>
         <run_address>0xa0</run_address>
         <size>0x41</size>
         <input_file_ref idref="fl-3"/>
      </object_component>
      <object_component id="oc-28">
         <name>.debug_line</name>
         <load_address>0xe1</load_address>
         <run_address>0xe1</run_address>
         <size>0xa1</size>
         <input_file_ref idref="fl-3"/>
      </object_component>
      <object_component id="oc-70">
         <name>.debug_line</name>
         <load_address>0x182</load_address>
         <run_address>0x182</run_address>
         <size>0x69</size>
         <input_file_ref idref="fl-3"/>
      </object_component>
      <object_component id="oc-ad">
         <name>.debug_line</name>
         <load_address>0x1eb</load_address>
         <run_address>0x1eb</run_address>
         <size>0x6d</size>
         <input_file_ref idref="fl-3"/>
      </object_component>
      <object_component id="oc-75">
         <name>.debug_line</name>
         <load_address>0x258</load_address>
         <run_address>0x258</run_address>
         <size>0x6a</size>
         <input_file_ref idref="fl-3"/>
      </object_component>
      <object_component id="oc-69">
         <name>.debug_line</name>
         <load_address>0x2c2</load_address>
         <run_address>0x2c2</run_address>
         <size>0x33</size>
         <input_file_ref idref="fl-c0"/>
      </object_component>
      <object_component id="oc-55">
         <name>.debug_line</name>
         <load_address>0x2f5</load_address>
         <run_address>0x2f5</run_address>
         <size>0x55</size>
         <input_file_ref idref="fl-c0"/>
      </object_component>
      <object_component id="oc-c4">
         <name>.debug_line</name>
         <load_address>0x34a</load_address>
         <run_address>0x34a</run_address>
         <size>0x3c</size>
         <input_file_ref idref="fl-c1"/>
      </object_component>
      <object_component id="oc-96">
         <name>.debug_line</name>
         <load_address>0x386</load_address>
         <run_address>0x386</run_address>
         <size>0x40</size>
         <input_file_ref idref="fl-c7"/>
      </object_component>
      <object_component id="oc-9d">
         <name>.debug_frame</name>
         <load_address>0x0</load_address>
         <run_address>0x0</run_address>
         <size>0x54</size>
         <input_file_ref idref="fl-2"/>
      </object_component>
      <object_component id="oc-29">
         <name>.debug_frame</name>
         <load_address>0x54</load_address>
         <run_address>0x54</run_address>
         <size>0x90</size>
         <input_file_ref idref="fl-3"/>
      </object_component>
      <object_component id="oc-51">
         <name>.debug_frame</name>
         <load_address>0xe4</load_address>
         <run_address>0xe4</run_address>
         <size>0x58</size>
         <input_file_ref idref="fl-c0"/>
      </object_component>
      <object_component id="oc-c5">
         <name>.debug_frame</name>
         <load_address>0x13c</load_address>
         <run_address>0x13c</run_address>
         <size>0x54</size>
         <input_file_ref idref="fl-c1"/>
      </object_component>
      <object_component id="oc-97">
         <name>.debug_frame</name>
         <load_address>0x190</load_address>
         <run_address>0x190</run_address>
         <size>0x54</size>
         <input_file_ref idref="fl-c7"/>
      </object_component>
      <object_component id="oc-bf">
         <name>.debug_abbrev</name>
         <load_address>0x0</load_address>
         <run_address>0x0</run_address>
         <size>0x44</size>
         <input_file_ref idref="fl-2"/>
      </object_component>
      <object_component id="oc-35">
         <name>.debug_abbrev</name>
         <load_address>0x44</load_address>
         <run_address>0x44</run_address>
         <size>0x1f</size>
         <input_file_ref idref="fl-2"/>
      </object_component>
      <object_component id="oc-6b">
         <name>.debug_abbrev</name>
         <load_address>0x63</load_address>
         <run_address>0x63</run_address>
         <size>0x68</size>
         <input_file_ref idref="fl-3"/>
      </object_component>
      <object_component id="oc-2a">
         <name>.debug_abbrev</name>
         <load_address>0xcb</load_address>
         <run_address>0xcb</run_address>
         <size>0x29</size>
         <input_file_ref idref="fl-3"/>
      </object_component>
      <object_component id="oc-6a">
         <name>.debug_abbrev</name>
         <load_address>0xf4</load_address>
         <run_address>0xf4</run_address>
         <size>0x79</size>
         <input_file_ref idref="fl-3"/>
      </object_component>
      <object_component id="oc-6f">
         <name>.debug_abbrev</name>
         <load_address>0x16d</load_address>
         <run_address>0x16d</run_address>
         <size>0x69</size>
         <input_file_ref idref="fl-3"/>
      </object_component>
      <object_component id="oc-ac">
         <name>.debug_abbrev</name>
         <load_address>0x1d6</load_address>
         <run_address>0x1d6</run_address>
         <size>0x5c</size>
         <input_file_ref idref="fl-3"/>
      </object_component>
      <object_component id="oc-74">
         <name>.debug_abbrev</name>
         <load_address>0x232</load_address>
         <run_address>0x232</run_address>
         <size>0x24</size>
         <input_file_ref idref="fl-3"/>
      </object_component>
      <object_component id="oc-68">
         <name>.debug_abbrev</name>
         <load_address>0x256</load_address>
         <run_address>0x256</run_address>
         <size>0x29</size>
         <input_file_ref idref="fl-c0"/>
      </object_component>
      <object_component id="oc-9f">
         <name>.debug_abbrev</name>
         <load_address>0x27f</load_address>
         <run_address>0x27f</run_address>
         <size>0x61</size>
         <input_file_ref idref="fl-c0"/>
      </object_component>
      <object_component id="oc-fe">
         <name>.debug_abbrev</name>
         <load_address>0x2e0</load_address>
         <run_address>0x2e0</run_address>
         <size>0x45</size>
         <input_file_ref idref="fl-c1"/>
      </object_component>
      <object_component id="oc-be">
         <name>.debug_abbrev</name>
         <load_address>0x325</load_address>
         <run_address>0x325</run_address>
         <size>0x55</size>
         <input_file_ref idref="fl-c7"/>
      </object_component>
      <object_component id="oc-178">
         <name>.debug_abbrev</name>
         <load_address>0x37a</load_address>
         <run_address>0x37a</run_address>
         <size>0xf</size>
      </object_component>
      <object_component id="oc-37">
         <name>.debug_str</name>
         <load_address>0x0</load_address>
         <run_address>0x0</run_address>
         <size>0xfa</size>
         <input_file_ref idref="fl-2"/>
      </object_component>
      <object_component id="oc-71">
         <name>.debug_str</name>
         <load_address>0xfa</load_address>
         <run_address>0xfa</run_address>
         <size>0x2b1</size>
         <input_file_ref idref="fl-3"/>
      </object_component>
      <object_component id="oc-ae">
         <name>.debug_str</name>
         <load_address>0x3ab</load_address>
         <run_address>0x3ab</run_address>
         <size>0x340</size>
         <input_file_ref idref="fl-3"/>
      </object_component>
      <object_component id="oc-76">
         <name>.debug_str</name>
         <load_address>0x6eb</load_address>
         <run_address>0x6eb</run_address>
         <size>0x149</size>
         <input_file_ref idref="fl-3"/>
      </object_component>
      <object_component id="oc-9a">
         <name>.debug_aranges</name>
         <load_address>0x0</load_address>
         <run_address>0x0</run_address>
         <size>0x20</size>
         <input_file_ref idref="fl-2"/>
      </object_component>
      <object_component id="oc-26">
         <name>.debug_aranges</name>
         <load_address>0x20</load_address>
         <run_address>0x20</run_address>
         <size>0x38</size>
         <input_file_ref idref="fl-3"/>
      </object_component>
      <object_component id="oc-52">
         <name>.debug_aranges</name>
         <load_address>0x58</load_address>
         <run_address>0x58</run_address>
         <size>0x20</size>
         <input_file_ref idref="fl-c0"/>
      </object_component>
      <object_component id="oc-c2">
         <name>.debug_aranges</name>
         <load_address>0x78</load_address>
         <run_address>0x78</run_address>
         <size>0x20</size>
         <input_file_ref idref="fl-c1"/>
      </object_component>
      <object_component id="oc-94">
         <name>.debug_aranges</name>
         <load_address>0x98</load_address>
         <run_address>0x98</run_address>
         <size>0x20</size>
         <input_file_ref idref="fl-c7"/>
      </object_component>
      <object_component id="oc-9b">
         <name>.debug_pubnames</name>
         <load_address>0x0</load_address>
         <run_address>0x0</run_address>
         <size>0x1b</size>
         <input_file_ref idref="fl-2"/>
      </object_component>
      <object_component id="oc-11">
         <name>.debug_pubnames</name>
         <load_address>0x1b</load_address>
         <run_address>0x1b</run_address>
         <size>0x23</size>
         <input_file_ref idref="fl-3"/>
      </object_component>
      <object_component id="oc-27">
         <name>.debug_pubnames</name>
         <load_address>0x3e</load_address>
         <run_address>0x3e</run_address>
         <size>0x4c</size>
         <input_file_ref idref="fl-3"/>
      </object_component>
      <object_component id="oc-23">
         <name>.debug_pubnames</name>
         <load_address>0x8a</load_address>
         <run_address>0x8a</run_address>
         <size>0x1e</size>
         <input_file_ref idref="fl-c0"/>
      </object_component>
      <object_component id="oc-54">
         <name>.debug_pubnames</name>
         <load_address>0xa8</load_address>
         <run_address>0xa8</run_address>
         <size>0x2d</size>
         <input_file_ref idref="fl-c0"/>
      </object_component>
      <object_component id="oc-c3">
         <name>.debug_pubnames</name>
         <load_address>0xd5</load_address>
         <run_address>0xd5</run_address>
         <size>0x1c</size>
         <input_file_ref idref="fl-c1"/>
      </object_component>
      <object_component id="oc-95">
         <name>.debug_pubnames</name>
         <load_address>0xf1</load_address>
         <run_address>0xf1</run_address>
         <size>0x27</size>
         <input_file_ref idref="fl-c7"/>
      </object_component>
      <object_component id="oc-34">
         <name>.debug_pubtypes</name>
         <load_address>0x0</load_address>
         <run_address>0x0</run_address>
         <size>0xed</size>
         <input_file_ref idref="fl-2"/>
      </object_component>
      <object_component id="oc-6e">
         <name>.debug_pubtypes</name>
         <load_address>0xed</load_address>
         <run_address>0xed</run_address>
         <size>0x25c</size>
         <input_file_ref idref="fl-3"/>
      </object_component>
      <object_component id="oc-ab">
         <name>.debug_pubtypes</name>
         <load_address>0x349</load_address>
         <run_address>0x349</run_address>
         <size>0x325</size>
         <input_file_ref idref="fl-3"/>
      </object_component>
      <object_component id="oc-73">
         <name>.debug_pubtypes</name>
         <load_address>0x66e</load_address>
         <run_address>0x66e</run_address>
         <size>0xaa</size>
         <input_file_ref idref="fl-3"/>
      </object_component>
   </object_component_list>
   <logical_group_list>
      <logical_group id="lg-3" display="no" color="cyan">
         <name>.intvecs</name>
         <load_address>0x0</load_address>
         <run_address>0x0</run_address>
         <size>0x26c</size>
         <contents>
            <object_component_ref idref="oc-f"/>
         </contents>
      </logical_group>
      <logical_group id="lg-4" display="no" color="cyan">
         <name>.text</name>
         <load_address>0x26c</load_address>
         <run_address>0x26c</run_address>
         <size>0x46</size>
         <contents>
            <object_component_ref idref="oc-50"/>
            <object_component_ref idref="oc-24"/>
            <object_component_ref idref="oc-92"/>
            <object_component_ref idref="oc-c0"/>
            <object_component_ref idref="oc-98"/>
         </contents>
      </logical_group>
      <logical_group id="lg-5" display="no" color="cyan">
         <name>.const</name>
         <run_address>0x0</run_address>
         <size>0x0</size>
         <contents>
         </contents>
      </logical_group>
      <logical_group id="lg-6" display="no" color="cyan">
         <name>.cinit</name>
         <run_address>0x0</run_address>
         <size>0x0</size>
         <contents>
         </contents>
      </logical_group>
      <logical_group id="lg-7" display="no" color="cyan">
         <name>.pinit</name>
         <run_address>0x0</run_address>
         <size>0x0</size>
         <contents>
         </contents>
      </logical_group>
      <logical_group id="lg-8" display="no" color="cyan">
         <name>.init_array</name>
         <run_address>0x0</run_address>
         <size>0x0</size>
         <contents>
         </contents>
      </logical_group>
      <logical_group id="lg-9" display="no" color="cyan">
         <name>.vtable</name>
         <run_address>0x0</run_address>
         <size>0x0</size>
         <contents>
         </contents>
      </logical_group>
      <logical_group id="lg-a" display="no" color="cyan">
         <name>.data</name>
         <run_address>0x0</run_address>
         <size>0x0</size>
         <contents>
         </contents>
      </logical_group>
      <logical_group id="lg-b" display="no" color="cyan">
         <name>.bss</name>
         <run_address>0x0</run_address>
         <size>0x0</size>
         <contents>
         </contents>
      </logical_group>
      <logical_group id="lg-c" display="no" color="cyan">
         <name>.sysmem</name>
         <run_address>0x0</run_address>
         <size>0x0</size>
         <contents>
         </contents>
      </logical_group>
      <logical_group id="lg-d" display="no" color="cyan">
         <name>.stack</name>
         <run_address>0x20000000</run_address>
         <size>0x200</size>
         <contents>
            <object_component_ref idref="oc-21"/>
            <object_component_ref idref="oc-176"/>
         </contents>
      </logical_group>
      <logical_group id="lg-14e" display="no" color="cyan">
         <name>.TI.noinit</name>
         <run_address>0x0</run_address>
         <size>0x0</size>
         <contents>
         </contents>
      </logical_group>
      <logical_group id="lg-14f" display="no" color="cyan">
         <name>.TI.persistent</name>
         <run_address>0x0</run_address>
         <size>0x0</size>
         <contents>
         </contents>
      </logical_group>
      <logical_group id="lg-15d" display="never" color="cyan">
         <name>.debug_info</name>
         <load_address>0x0</load_address>
         <run_address>0x0</run_address>
         <size>0x131a</size>
         <contents>
            <object_component_ref idref="oc-99"/>
            <object_component_ref idref="oc-33"/>
            <object_component_ref idref="oc-2c"/>
            <object_component_ref idref="oc-10"/>
            <object_component_ref idref="oc-25"/>
            <object_component_ref idref="oc-6d"/>
            <object_component_ref idref="oc-aa"/>
            <object_component_ref idref="oc-72"/>
            <object_component_ref idref="oc-22"/>
            <object_component_ref idref="oc-53"/>
            <object_component_ref idref="oc-c1"/>
            <object_component_ref idref="oc-93"/>
            <object_component_ref idref="oc-177"/>
         </contents>
      </logical_group>
      <logical_group id="lg-15f" display="never" color="cyan">
         <name>.debug_line</name>
         <load_address>0x0</load_address>
         <run_address>0x0</run_address>
         <size>0x3c6</size>
         <contents>
            <object_component_ref idref="oc-9c"/>
            <object_component_ref idref="oc-36"/>
            <object_component_ref idref="oc-6c"/>
            <object_component_ref idref="oc-2b"/>
            <object_component_ref idref="oc-28"/>
            <object_component_ref idref="oc-70"/>
            <object_component_ref idref="oc-ad"/>
            <object_component_ref idref="oc-75"/>
            <object_component_ref idref="oc-69"/>
            <object_component_ref idref="oc-55"/>
            <object_component_ref idref="oc-c4"/>
            <object_component_ref idref="oc-96"/>
         </contents>
      </logical_group>
      <logical_group id="lg-161" display="never" color="cyan">
         <name>.debug_frame</name>
         <load_address>0x0</load_address>
         <run_address>0x0</run_address>
         <size>0x1e4</size>
         <contents>
            <object_component_ref idref="oc-9d"/>
            <object_component_ref idref="oc-29"/>
            <object_component_ref idref="oc-51"/>
            <object_component_ref idref="oc-c5"/>
            <object_component_ref idref="oc-97"/>
         </contents>
      </logical_group>
      <logical_group id="lg-163" display="never" color="cyan">
         <name>.debug_abbrev</name>
         <load_address>0x0</load_address>
         <run_address>0x0</run_address>
         <size>0x389</size>
         <contents>
            <object_component_ref idref="oc-bf"/>
            <object_component_ref idref="oc-35"/>
            <object_component_ref idref="oc-6b"/>
            <object_component_ref idref="oc-2a"/>
            <object_component_ref idref="oc-6a"/>
            <object_component_ref idref="oc-6f"/>
            <object_component_ref idref="oc-ac"/>
            <object_component_ref idref="oc-74"/>
            <object_component_ref idref="oc-68"/>
            <object_component_ref idref="oc-9f"/>
            <object_component_ref idref="oc-fe"/>
            <object_component_ref idref="oc-be"/>
            <object_component_ref idref="oc-178"/>
         </contents>
      </logical_group>
      <logical_group id="lg-165" display="never" color="cyan">
         <name>.debug_str</name>
         <load_address>0x0</load_address>
         <run_address>0x0</run_address>
         <size>0x834</size>
         <contents>
            <object_component_ref idref="oc-37"/>
            <object_component_ref idref="oc-71"/>
            <object_component_ref idref="oc-ae"/>
            <object_component_ref idref="oc-76"/>
         </contents>
      </logical_group>
      <logical_group id="lg-167" display="never" color="cyan">
         <name>.debug_aranges</name>
         <load_address>0x0</load_address>
         <run_address>0x0</run_address>
         <size>0xb8</size>
         <contents>
            <object_component_ref idref="oc-9a"/>
            <object_component_ref idref="oc-26"/>
            <object_component_ref idref="oc-52"/>
            <object_component_ref idref="oc-c2"/>
            <object_component_ref idref="oc-94"/>
         </contents>
      </logical_group>
      <logical_group id="lg-169" display="never" color="cyan">
         <name>.debug_pubnames</name>
         <load_address>0x0</load_address>
         <run_address>0x0</run_address>
         <size>0x118</size>
         <contents>
            <object_component_ref idref="oc-9b"/>
            <object_component_ref idref="oc-11"/>
            <object_component_ref idref="oc-27"/>
            <object_component_ref idref="oc-23"/>
            <object_component_ref idref="oc-54"/>
            <object_component_ref idref="oc-c3"/>
            <object_component_ref idref="oc-95"/>
         </contents>
      </logical_group>
      <logical_group id="lg-16b" display="never" color="cyan">
         <name>.debug_pubtypes</name>
         <load_address>0x0</load_address>
         <run_address>0x0</run_address>
         <size>0x718</size>
         <contents>
            <object_component_ref idref="oc-34"/>
            <object_component_ref idref="oc-6e"/>
            <object_component_ref idref="oc-ab"/>
            <object_component_ref idref="oc-73"/>
         </contents>
      </logical_group>
      <load_segment id="lg-179" display="no" color="cyan">
         <name>SEGMENT_0</name>
         <load_address>0x0</load_address>
         <run_address>0x0</run_address>
         <size>0x2b2</size>
         <flags>0x5</flags>
         <contents>
            <logical_group_ref idref="lg-3"/>
            <logical_group_ref idref="lg-4"/>
         </contents>
      </load_segment>
      <load_segment id="lg-17a" display="no" color="cyan">
         <name>SEGMENT_1</name>
         <run_address>0x20000000</run_address>
         <size>0x200</size>
         <flags>0x6</flags>
         <contents>
            <logical_group_ref idref="lg-d"/>
         </contents>
      </load_segment>
   </logical_group_list>
   <placement_map>
      <memory_area display="yes" color="green">
         <name>FLASH</name>
         <page_id>0x0</page_id>
         <origin>0x0</origin>
         <length>0x40000</length>
         <used_space>0x2b2</used_space>
         <unused_space>0x3fd4e</unused_space>
         <attributes>RX</attributes>
         <usage_details>
            <allocated_space>
               <start_address>0x0</start_address>
               <size>0x26c</size>
               <logical_group_ref idref="lg-3"/>
            </allocated_space>
            <allocated_space>
               <start_address>0x26c</start_address>
               <size>0x46</size>
               <logical_group_ref idref="lg-4"/>
            </allocated_space>
            <available_space>
               <start_address>0x2b2</start_address>
               <size>0x3fd4e</size>
            </available_space>
         </usage_details>
      </memory_area>
      <memory_area display="yes" color="green">
         <name>SRAM</name>
         <page_id>0x0</page_id>
         <origin>0x20000000</origin>
         <length>0x8000</length>
         <used_space>0x200</used_space>
         <unused_space>0x7e00</unused_space>
         <attributes>RWX</attributes>
         <usage_details>
            <allocated_space>
               <start_address>0x20000000</start_address>
               <size>0x200</size>
               <logical_group_ref idref="lg-d"/>
            </allocated_space>
            <available_space>
               <start_address>0x20000200</start_address>
               <size>0x7e00</size>
            </available_space>
         </usage_details>
      </memory_area>
   </placement_map>
   <symbol_table>
      <symbol id="sm-1">
         <name>__STACK_TOP</name>
         <value>0x20000200</value>
      </symbol>
      <symbol id="sm-2">
         <name>binit</name>
         <value>0xffffffff</value>
      </symbol>
      <symbol id="sm-3">
         <name>__binit__</name>
         <value>0xffffffff</value>
      </symbol>
      <symbol id="sm-4">
         <name>__STACK_SIZE</name>
         <value>0x200</value>
      </symbol>
      <symbol id="sm-5">
         <name>__STACK_END</name>
         <value>0x20000200</value>
      </symbol>
      <symbol id="sm-6">
         <name>__c_args__</name>
         <value>0xffffffff</value>
      </symbol>
      <symbol id="sm-7">
         <name>__TI_pprof_out_hndl</name>
         <value>0xffffffff</value>
      </symbol>
      <symbol id="sm-8">
         <name>__TI_prof_data_start</name>
         <value>0xffffffff</value>
      </symbol>
      <symbol id="sm-9">
         <name>__TI_prof_data_size</name>
         <value>0xffffffff</value>
      </symbol>
      <symbol id="sm-a">
         <name>__TI_static_base__</name>
         <value>0x0</value>
      </symbol>
      <symbol id="sm-2f">
         <name>main</name>
         <value>0x2b1</value>
         <object_component_ref idref="oc-98"/>
      </symbol>
      <symbol id="sm-5a">
         <name>ResetISR</name>
         <value>0x29d</value>
         <object_component_ref idref="oc-24"/>
      </symbol>
      <symbol id="sm-5b">
         <name>g_pfnVectors</name>
         <value>0x0</value>
         <object_component_ref idref="oc-f"/>
      </symbol>
      <symbol id="sm-71">
         <name>_c_int00_noinit_noargs</name>
         <value>0x26d</value>
         <object_component_ref idref="oc-50"/>
      </symbol>
      <symbol id="sm-72">
         <name>__stack</name>
         <value>0x20000000</value>
         <object_component_ref idref="oc-21"/>
      </symbol>
      <symbol id="sm-7d">
         <name>C$$EXIT</name>
         <value>0x2ad</value>
         <object_component_ref idref="oc-c0"/>
      </symbol>
      <symbol id="sm-7e">
         <name>abort</name>
         <value>0x2ad</value>
         <object_component_ref idref="oc-c0"/>
      </symbol>
      <symbol id="sm-8d">
         <name>_system_pre_init</name>
         <value>0x2a9</value>
         <object_component_ref idref="oc-92"/>
      </symbol>
      <symbol id="sm-8f">
         <name>__mpu_init</name>
         <value>0x0</value>
      </symbol>
   </symbol_table>
   <title>Link successful</title>
</link_info>
