<?xml version="1.0" encoding="ISO-8859-1" ?>
<link_info>
   <banner>TI ARM Linker PC v18.1.4.LTS</banner>
   <copyright>Copyright (c) 1996-2018 Texas Instruments Incorporated</copyright>
   <link_time>0x5c9b9e56</link_time>
   <link_errors>0x0</link_errors>
   <output_file>uart_echo.out</output_file>
   <entry_point>
      <name>_c_int00_noinit_noargs</name>
      <address>0x50d</address>
   </entry_point>
   <input_file_list>
      <input_file id="fl-2">
         <path>.\</path>
         <kind>object</kind>
         <file>startup_ccs.obj</file>
         <name>startup_ccs.obj</name>
      </input_file>
      <input_file id="fl-3">
         <path>.\</path>
         <kind>object</kind>
         <file>uart_echo.obj</file>
         <name>uart_echo.obj</name>
      </input_file>
      <input_file id="fl-8">
         <kind>object</kind>
         <file>&lt;internal&gt;</file>
         <name>&lt;internal&gt;</name>
      </input_file>
      <input_file id="fl-be">
         <path>C:\ti\ccsv8\tools\compiler\ti-cgt-arm_18.1.4.LTS\lib\</path>
         <kind>archive</kind>
         <file>rtsv7M4_T_le_v4SPD16_eabi.lib</file>
         <name>copy_zero_init.c.obj</name>
      </input_file>
      <input_file id="fl-bf">
         <path>C:\ti\ccsv8\tools\compiler\ti-cgt-arm_18.1.4.LTS\lib\</path>
         <kind>archive</kind>
         <file>rtsv7M4_T_le_v4SPD16_eabi.lib</file>
         <name>copy_decompress_none.c.obj</name>
      </input_file>
      <input_file id="fl-c0">
         <path>C:\ti\ccsv8\tools\compiler\ti-cgt-arm_18.1.4.LTS\lib\</path>
         <kind>archive</kind>
         <file>rtsv7M4_T_le_v4SPD16_eabi.lib</file>
         <name>copy_decompress_lzss.c.obj</name>
      </input_file>
      <input_file id="fl-c1">
         <path>C:\ti\ccsv8\tools\compiler\ti-cgt-arm_18.1.4.LTS\lib\</path>
         <kind>archive</kind>
         <file>rtsv7M4_T_le_v4SPD16_eabi.lib</file>
         <name>boot_cortex_m.c.obj</name>
      </input_file>
      <input_file id="fl-c2">
         <path>C:\ti\ccsv8\tools\compiler\ti-cgt-arm_18.1.4.LTS\lib\</path>
         <kind>archive</kind>
         <file>rtsv7M4_T_le_v4SPD16_eabi.lib</file>
         <name>exit.c.obj</name>
      </input_file>
      <input_file id="fl-c3">
         <path>C:\ti\ccsv8\tools\compiler\ti-cgt-arm_18.1.4.LTS\lib\</path>
         <kind>archive</kind>
         <file>rtsv7M4_T_le_v4SPD16_eabi.lib</file>
         <name>_lock.c.obj</name>
      </input_file>
      <input_file id="fl-c4">
         <path>C:\ti\ccsv8\tools\compiler\ti-cgt-arm_18.1.4.LTS\lib\</path>
         <kind>archive</kind>
         <file>rtsv7M4_T_le_v4SPD16_eabi.lib</file>
         <name>args_main.c.obj</name>
      </input_file>
      <input_file id="fl-c5">
         <path>C:\ti\ccsv8\tools\compiler\ti-cgt-arm_18.1.4.LTS\lib\</path>
         <kind>archive</kind>
         <file>rtsv7M4_T_le_v4SPD16_eabi.lib</file>
         <name>memcpy_t2.asm.obj</name>
      </input_file>
      <input_file id="fl-c6">
         <path>C:\ti\ccsv8\tools\compiler\ti-cgt-arm_18.1.4.LTS\lib\</path>
         <kind>archive</kind>
         <file>rtsv7M4_T_le_v4SPD16_eabi.lib</file>
         <name>memset_t2.asm.obj</name>
      </input_file>
      <input_file id="fl-c7">
         <path>C:\ti\ccsv8\tools\compiler\ti-cgt-arm_18.1.4.LTS\lib\</path>
         <kind>archive</kind>
         <file>rtsv7M4_T_le_v4SPD16_eabi.lib</file>
         <name>autoinit.c.obj</name>
      </input_file>
      <input_file id="fl-c8">
         <path>C:\ti\ccsv8\tools\compiler\ti-cgt-arm_18.1.4.LTS\lib\</path>
         <kind>archive</kind>
         <file>rtsv7M4_T_le_v4SPD16_eabi.lib</file>
         <name>pre_init.c.obj</name>
      </input_file>
      <input_file id="fl-c9">
         <path>C:\ti\ccsv8\tools\compiler\ti-cgt-arm_18.1.4.LTS\lib\</path>
         <kind>archive</kind>
         <file>rtsv7M4_T_le_v4SPD16_eabi.lib</file>
         <name>cpy_tbl.c.obj</name>
      </input_file>
      <input_file id="fl-ca">
         <path>C:\ti\TivaWare_C_Series-2.1.4.178\driverlib\ccs\Debug\</path>
         <kind>archive</kind>
         <file>driverlib.lib</file>
         <name>gpio.obj</name>
      </input_file>
      <input_file id="fl-cb">
         <path>C:\ti\TivaWare_C_Series-2.1.4.178\driverlib\ccs\Debug\</path>
         <kind>archive</kind>
         <file>driverlib.lib</file>
         <name>interrupt.obj</name>
      </input_file>
      <input_file id="fl-cc">
         <path>C:\ti\TivaWare_C_Series-2.1.4.178\driverlib\ccs\Debug\</path>
         <kind>archive</kind>
         <file>driverlib.lib</file>
         <name>sysctl.obj</name>
      </input_file>
      <input_file id="fl-cd">
         <path>C:\ti\TivaWare_C_Series-2.1.4.178\driverlib\ccs\Debug\</path>
         <kind>archive</kind>
         <file>driverlib.lib</file>
         <name>cpu.obj</name>
      </input_file>
   </input_file_list>
   <object_component_list>
      <object_component id="oc-f">
         <name>.intvecs</name>
         <load_address>0x0</load_address>
         <run_address>0x0</run_address>
         <size>0x26c</size>
         <input_file_ref idref="fl-2"/>
      </object_component>
      <object_component id="oc-8c">
         <name>.text:SysCtlClockGet</name>
         <load_address>0x26c</load_address>
         <run_address>0x26c</run_address>
         <size>0x110</size>
         <input_file_ref idref="fl-cc"/>
      </object_component>
      <object_component id="oc-c1">
         <name>.text:main</name>
         <load_address>0x37c</load_address>
         <run_address>0x37c</run_address>
         <size>0xd0</size>
         <input_file_ref idref="fl-3"/>
      </object_component>
      <object_component id="oc-3c">
         <name>.text:UARTIntHandler</name>
         <load_address>0x44c</load_address>
         <run_address>0x44c</run_address>
         <size>0x78</size>
         <input_file_ref idref="fl-3"/>
      </object_component>
      <object_component id="oc-f3">
         <name>.text:GPIOPinConfigure</name>
         <load_address>0x4c4</load_address>
         <run_address>0x4c4</run_address>
         <size>0x48</size>
         <input_file_ref idref="fl-ca"/>
      </object_component>
      <object_component id="oc-68">
         <name>.text:_c_int00_noinit_noargs:_c_int00_noinit_noargs</name>
         <load_address>0x50c</load_address>
         <run_address>0x50c</run_address>
         <size>0x30</size>
         <input_file_ref idref="fl-c1"/>
      </object_component>
      <object_component id="oc-f9">
         <name>.text:UARTSend</name>
         <load_address>0x53c</load_address>
         <run_address>0x53c</run_address>
         <size>0x28</size>
         <input_file_ref idref="fl-3"/>
      </object_component>
      <object_component id="oc-86">
         <name>.text:GPIOPinWrite</name>
         <load_address>0x564</load_address>
         <run_address>0x564</run_address>
         <size>0x6</size>
         <input_file_ref idref="fl-ca"/>
      </object_component>
      <object_component id="oc-24">
         <name>.text:ResetISR</name>
         <load_address>0x56a</load_address>
         <run_address>0x56a</run_address>
         <size>0x6</size>
         <input_file_ref idref="fl-2"/>
      </object_component>
      <object_component id="oc-92">
         <name>.text:SysCtlDelay</name>
         <load_address>0x570</load_address>
         <run_address>0x570</run_address>
         <size>0x6</size>
         <input_file_ref idref="fl-cc"/>
      </object_component>
      <object_component id="oc-bb">
         <name>.text:_system_pre_init</name>
         <load_address>0x576</load_address>
         <run_address>0x576</run_address>
         <size>0x4</size>
         <input_file_ref idref="fl-c8"/>
      </object_component>
      <object_component id="oc-105">
         <name>.text:abort:abort</name>
         <load_address>0x57a</load_address>
         <run_address>0x57a</run_address>
         <size>0x4</size>
         <input_file_ref idref="fl-c2"/>
      </object_component>
      <object_component id="oc-30">
         <name>.text:FaultISR</name>
         <load_address>0x57e</load_address>
         <run_address>0x57e</run_address>
         <size>0x2</size>
         <input_file_ref idref="fl-2"/>
      </object_component>
      <object_component id="oc-36">
         <name>.text:IntDefaultHandler</name>
         <load_address>0x580</load_address>
         <run_address>0x580</run_address>
         <size>0x2</size>
         <input_file_ref idref="fl-2"/>
      </object_component>
      <object_component id="oc-2a">
         <name>.text:NmiSR</name>
         <load_address>0x582</load_address>
         <run_address>0x582</run_address>
         <size>0x2</size>
         <input_file_ref idref="fl-2"/>
      </object_component>
      <object_component id="oc-148">
         <name>.const:g_pui32GPIOBaseAddrs</name>
         <load_address>0x584</load_address>
         <run_address>0x584</run_address>
         <size>0x90</size>
         <input_file_ref idref="fl-ca"/>
      </object_component>
      <object_component id="oc-da">
         <name>.const:g_pui32Xtals</name>
         <load_address>0x614</load_address>
         <run_address>0x614</run_address>
         <size>0x6c</size>
         <input_file_ref idref="fl-cc"/>
      </object_component>
      <object_component id="oc-21">
         <name>.stack</name>
         <uninitialized>true</uninitialized>
         <run_address>0x20000000</run_address>
         <size>0x4</size>
         <input_file_ref idref="fl-c1"/>
      </object_component>
      <object_component id="oc-1d1">
         <name>.stack</name>
         <uninitialized>true</uninitialized>
         <run_address>0x20000000</run_address>
         <size>0x0</size>
      </object_component>
      <object_component id="oc-44">
         <name>.debug_info</name>
         <load_address>0x0</load_address>
         <run_address>0x0</run_address>
         <size>0x2c8</size>
         <input_file_ref idref="fl-2"/>
      </object_component>
      <object_component id="oc-10">
         <name>.debug_info</name>
         <load_address>0x2c8</load_address>
         <run_address>0x2c8</run_address>
         <size>0xe3</size>
         <input_file_ref idref="fl-2"/>
      </object_component>
      <object_component id="oc-25">
         <name>.debug_info</name>
         <load_address>0x3ab</load_address>
         <run_address>0x3ab</run_address>
         <size>0x113</size>
         <input_file_ref idref="fl-2"/>
      </object_component>
      <object_component id="oc-2b">
         <name>.debug_info</name>
         <load_address>0x4be</load_address>
         <run_address>0x4be</run_address>
         <size>0x104</size>
         <input_file_ref idref="fl-2"/>
      </object_component>
      <object_component id="oc-37">
         <name>.debug_info</name>
         <load_address>0x5c2</load_address>
         <run_address>0x5c2</run_address>
         <size>0x11c</size>
         <input_file_ref idref="fl-2"/>
      </object_component>
      <object_component id="oc-31">
         <name>.debug_info</name>
         <load_address>0x6de</load_address>
         <run_address>0x6de</run_address>
         <size>0x10a</size>
         <input_file_ref idref="fl-2"/>
      </object_component>
      <object_component id="oc-9b">
         <name>.debug_info</name>
         <load_address>0x7e8</load_address>
         <run_address>0x7e8</run_address>
         <size>0x26b</size>
         <input_file_ref idref="fl-2"/>
      </object_component>
      <object_component id="oc-4b">
         <name>.debug_info</name>
         <load_address>0xa53</load_address>
         <run_address>0xa53</run_address>
         <size>0x84</size>
         <input_file_ref idref="fl-2"/>
      </object_component>
      <object_component id="oc-de">
         <name>.debug_info</name>
         <load_address>0xad7</load_address>
         <run_address>0xad7</run_address>
         <size>0x297</size>
         <input_file_ref idref="fl-2"/>
      </object_component>
      <object_component id="oc-94">
         <name>.debug_info</name>
         <load_address>0xd6e</load_address>
         <run_address>0xd6e</run_address>
         <size>0xbb</size>
         <input_file_ref idref="fl-2"/>
      </object_component>
      <object_component id="oc-14d">
         <name>.debug_info</name>
         <load_address>0xe29</load_address>
         <run_address>0xe29</run_address>
         <size>0x327</size>
         <input_file_ref idref="fl-3"/>
      </object_component>
      <object_component id="oc-fa">
         <name>.debug_info</name>
         <load_address>0x1150</load_address>
         <run_address>0x1150</run_address>
         <size>0x184</size>
         <input_file_ref idref="fl-3"/>
      </object_component>
      <object_component id="oc-c2">
         <name>.debug_info</name>
         <load_address>0x12d4</load_address>
         <run_address>0x12d4</run_address>
         <size>0x19b</size>
         <input_file_ref idref="fl-3"/>
      </object_component>
      <object_component id="oc-3d">
         <name>.debug_info</name>
         <load_address>0x146f</load_address>
         <run_address>0x146f</run_address>
         <size>0x1a6</size>
         <input_file_ref idref="fl-3"/>
      </object_component>
      <object_component id="oc-100">
         <name>.debug_info</name>
         <load_address>0x1615</load_address>
         <run_address>0x1615</run_address>
         <size>0x8b</size>
         <input_file_ref idref="fl-3"/>
      </object_component>
      <object_component id="oc-22">
         <name>.debug_info</name>
         <load_address>0x16a0</load_address>
         <run_address>0x16a0</run_address>
         <size>0x10b</size>
         <input_file_ref idref="fl-c1"/>
      </object_component>
      <object_component id="oc-69">
         <name>.debug_info</name>
         <load_address>0x17ab</load_address>
         <run_address>0x17ab</run_address>
         <size>0x1a8</size>
         <input_file_ref idref="fl-c1"/>
      </object_component>
      <object_component id="oc-106">
         <name>.debug_info</name>
         <load_address>0x1953</load_address>
         <run_address>0x1953</run_address>
         <size>0x122</size>
         <input_file_ref idref="fl-c2"/>
      </object_component>
      <object_component id="oc-bc">
         <name>.debug_info</name>
         <load_address>0x1a75</load_address>
         <run_address>0x1a75</run_address>
         <size>0x153</size>
         <input_file_ref idref="fl-c8"/>
      </object_component>
      <object_component id="oc-d9">
         <name>.debug_info</name>
         <load_address>0x1bc8</load_address>
         <run_address>0x1bc8</run_address>
         <size>0x240</size>
         <input_file_ref idref="fl-ca"/>
      </object_component>
      <object_component id="oc-149">
         <name>.debug_info</name>
         <load_address>0x1e08</load_address>
         <run_address>0x1e08</run_address>
         <size>0x15b</size>
         <input_file_ref idref="fl-ca"/>
      </object_component>
      <object_component id="oc-87">
         <name>.debug_info</name>
         <load_address>0x1f63</load_address>
         <run_address>0x1f63</run_address>
         <size>0x2a3</size>
         <input_file_ref idref="fl-ca"/>
      </object_component>
      <object_component id="oc-f4">
         <name>.debug_info</name>
         <load_address>0x2206</load_address>
         <run_address>0x2206</run_address>
         <size>0x280</size>
         <input_file_ref idref="fl-ca"/>
      </object_component>
      <object_component id="oc-d4">
         <name>.debug_info</name>
         <load_address>0x2486</load_address>
         <run_address>0x2486</run_address>
         <size>0x18b</size>
         <input_file_ref idref="fl-ca"/>
      </object_component>
      <object_component id="oc-147">
         <name>.debug_info</name>
         <load_address>0x2611</load_address>
         <run_address>0x2611</run_address>
         <size>0x298</size>
         <input_file_ref idref="fl-cc"/>
      </object_component>
      <object_component id="oc-db">
         <name>.debug_info</name>
         <load_address>0x28a9</load_address>
         <run_address>0x28a9</run_address>
         <size>0x14d</size>
         <input_file_ref idref="fl-cc"/>
      </object_component>
      <object_component id="oc-8d">
         <name>.debug_info</name>
         <load_address>0x29f6</load_address>
         <run_address>0x29f6</run_address>
         <size>0x2b5</size>
         <input_file_ref idref="fl-cc"/>
      </object_component>
      <object_component id="oc-170">
         <name>.debug_info</name>
         <load_address>0x2cab</load_address>
         <run_address>0x2cab</run_address>
         <size>0x5f</size>
         <input_file_ref idref="fl-cc"/>
      </object_component>
      <object_component id="oc-1d2">
         <name>.debug_info</name>
         <load_address>0x2d0a</load_address>
         <run_address>0x2d0a</run_address>
         <size>0xa6</size>
      </object_component>
      <object_component id="oc-9a">
         <name>.debug_line</name>
         <load_address>0x0</load_address>
         <run_address>0x0</run_address>
         <size>0x34</size>
         <input_file_ref idref="fl-2"/>
      </object_component>
      <object_component id="oc-43">
         <name>.debug_line</name>
         <load_address>0x34</load_address>
         <run_address>0x34</run_address>
         <size>0x34</size>
         <input_file_ref idref="fl-2"/>
      </object_component>
      <object_component id="oc-28">
         <name>.debug_line</name>
         <load_address>0x68</load_address>
         <run_address>0x68</run_address>
         <size>0x46</size>
         <input_file_ref idref="fl-2"/>
      </object_component>
      <object_component id="oc-2e">
         <name>.debug_line</name>
         <load_address>0xae</load_address>
         <run_address>0xae</run_address>
         <size>0x49</size>
         <input_file_ref idref="fl-2"/>
      </object_component>
      <object_component id="oc-3a">
         <name>.debug_line</name>
         <load_address>0xf7</load_address>
         <run_address>0xf7</run_address>
         <size>0x49</size>
         <input_file_ref idref="fl-2"/>
      </object_component>
      <object_component id="oc-34">
         <name>.debug_line</name>
         <load_address>0x140</load_address>
         <run_address>0x140</run_address>
         <size>0x49</size>
         <input_file_ref idref="fl-2"/>
      </object_component>
      <object_component id="oc-9e">
         <name>.debug_line</name>
         <load_address>0x189</load_address>
         <run_address>0x189</run_address>
         <size>0x69</size>
         <input_file_ref idref="fl-2"/>
      </object_component>
      <object_component id="oc-4e">
         <name>.debug_line</name>
         <load_address>0x1f2</load_address>
         <run_address>0x1f2</run_address>
         <size>0x20</size>
         <input_file_ref idref="fl-2"/>
      </object_component>
      <object_component id="oc-e1">
         <name>.debug_line</name>
         <load_address>0x212</load_address>
         <run_address>0x212</run_address>
         <size>0x6d</size>
         <input_file_ref idref="fl-2"/>
      </object_component>
      <object_component id="oc-97">
         <name>.debug_line</name>
         <load_address>0x27f</load_address>
         <run_address>0x27f</run_address>
         <size>0x6a</size>
         <input_file_ref idref="fl-2"/>
      </object_component>
      <object_component id="oc-178">
         <name>.debug_line</name>
         <load_address>0x2e9</load_address>
         <run_address>0x2e9</run_address>
         <size>0x8e</size>
         <input_file_ref idref="fl-3"/>
      </object_component>
      <object_component id="oc-fd">
         <name>.debug_line</name>
         <load_address>0x377</load_address>
         <run_address>0x377</run_address>
         <size>0x53</size>
         <input_file_ref idref="fl-3"/>
      </object_component>
      <object_component id="oc-c5">
         <name>.debug_line</name>
         <load_address>0x3ca</load_address>
         <run_address>0x3ca</run_address>
         <size>0x5c</size>
         <input_file_ref idref="fl-3"/>
      </object_component>
      <object_component id="oc-40">
         <name>.debug_line</name>
         <load_address>0x426</load_address>
         <run_address>0x426</run_address>
         <size>0x64</size>
         <input_file_ref idref="fl-3"/>
      </object_component>
      <object_component id="oc-103">
         <name>.debug_line</name>
         <load_address>0x48a</load_address>
         <run_address>0x48a</run_address>
         <size>0x20</size>
         <input_file_ref idref="fl-3"/>
      </object_component>
      <object_component id="oc-81">
         <name>.debug_line</name>
         <load_address>0x4aa</load_address>
         <run_address>0x4aa</run_address>
         <size>0x33</size>
         <input_file_ref idref="fl-c1"/>
      </object_component>
      <object_component id="oc-6c">
         <name>.debug_line</name>
         <load_address>0x4dd</load_address>
         <run_address>0x4dd</run_address>
         <size>0x55</size>
         <input_file_ref idref="fl-c1"/>
      </object_component>
      <object_component id="oc-10a">
         <name>.debug_line</name>
         <load_address>0x532</load_address>
         <run_address>0x532</run_address>
         <size>0x3c</size>
         <input_file_ref idref="fl-c2"/>
      </object_component>
      <object_component id="oc-bf">
         <name>.debug_line</name>
         <load_address>0x56e</load_address>
         <run_address>0x56e</run_address>
         <size>0x40</size>
         <input_file_ref idref="fl-c8"/>
      </object_component>
      <object_component id="oc-144">
         <name>.debug_line</name>
         <load_address>0x5ae</load_address>
         <run_address>0x5ae</run_address>
         <size>0x82</size>
         <input_file_ref idref="fl-ca"/>
      </object_component>
      <object_component id="oc-176">
         <name>.debug_line</name>
         <load_address>0x630</load_address>
         <run_address>0x630</run_address>
         <size>0x7d</size>
         <input_file_ref idref="fl-ca"/>
      </object_component>
      <object_component id="oc-8a">
         <name>.debug_line</name>
         <load_address>0x6ad</load_address>
         <run_address>0x6ad</run_address>
         <size>0x92</size>
         <input_file_ref idref="fl-ca"/>
      </object_component>
      <object_component id="oc-f7">
         <name>.debug_line</name>
         <load_address>0x73f</load_address>
         <run_address>0x73f</run_address>
         <size>0xa7</size>
         <input_file_ref idref="fl-ca"/>
      </object_component>
      <object_component id="oc-d7">
         <name>.debug_line</name>
         <load_address>0x7e6</load_address>
         <run_address>0x7e6</run_address>
         <size>0x69</size>
         <input_file_ref idref="fl-ca"/>
      </object_component>
      <object_component id="oc-16f">
         <name>.debug_line</name>
         <load_address>0x84f</load_address>
         <run_address>0x84f</run_address>
         <size>0x13d</size>
         <input_file_ref idref="fl-cc"/>
      </object_component>
      <object_component id="oc-146">
         <name>.debug_line</name>
         <load_address>0x98c</load_address>
         <run_address>0x98c</run_address>
         <size>0x7f</size>
         <input_file_ref idref="fl-cc"/>
      </object_component>
      <object_component id="oc-90">
         <name>.debug_line</name>
         <load_address>0xa0b</load_address>
         <run_address>0xa0b</run_address>
         <size>0x11a</size>
         <input_file_ref idref="fl-cc"/>
      </object_component>
      <object_component id="oc-173">
         <name>.debug_line</name>
         <load_address>0xb25</load_address>
         <run_address>0xb25</run_address>
         <size>0x7f</size>
         <input_file_ref idref="fl-cc"/>
      </object_component>
      <object_component id="oc-29">
         <name>.debug_frame</name>
         <load_address>0x0</load_address>
         <run_address>0x0</run_address>
         <size>0x54</size>
         <input_file_ref idref="fl-2"/>
      </object_component>
      <object_component id="oc-2f">
         <name>.debug_frame</name>
         <load_address>0x54</load_address>
         <run_address>0x54</run_address>
         <size>0x54</size>
         <input_file_ref idref="fl-2"/>
      </object_component>
      <object_component id="oc-3b">
         <name>.debug_frame</name>
         <load_address>0xa8</load_address>
         <run_address>0xa8</run_address>
         <size>0x54</size>
         <input_file_ref idref="fl-2"/>
      </object_component>
      <object_component id="oc-35">
         <name>.debug_frame</name>
         <load_address>0xfc</load_address>
         <run_address>0xfc</run_address>
         <size>0x54</size>
         <input_file_ref idref="fl-2"/>
      </object_component>
      <object_component id="oc-fe">
         <name>.debug_frame</name>
         <load_address>0x150</load_address>
         <run_address>0x150</run_address>
         <size>0x5c</size>
         <input_file_ref idref="fl-3"/>
      </object_component>
      <object_component id="oc-c6">
         <name>.debug_frame</name>
         <load_address>0x1ac</load_address>
         <run_address>0x1ac</run_address>
         <size>0x60</size>
         <input_file_ref idref="fl-3"/>
      </object_component>
      <object_component id="oc-41">
         <name>.debug_frame</name>
         <load_address>0x20c</load_address>
         <run_address>0x20c</run_address>
         <size>0x60</size>
         <input_file_ref idref="fl-3"/>
      </object_component>
      <object_component id="oc-6d">
         <name>.debug_frame</name>
         <load_address>0x26c</load_address>
         <run_address>0x26c</run_address>
         <size>0x58</size>
         <input_file_ref idref="fl-c1"/>
      </object_component>
      <object_component id="oc-109">
         <name>.debug_frame</name>
         <load_address>0x2c4</load_address>
         <run_address>0x2c4</run_address>
         <size>0x54</size>
         <input_file_ref idref="fl-c2"/>
      </object_component>
      <object_component id="oc-c0">
         <name>.debug_frame</name>
         <load_address>0x318</load_address>
         <run_address>0x318</run_address>
         <size>0x54</size>
         <input_file_ref idref="fl-c8"/>
      </object_component>
      <object_component id="oc-8b">
         <name>.debug_frame</name>
         <load_address>0x36c</load_address>
         <run_address>0x36c</run_address>
         <size>0x7f</size>
         <input_file_ref idref="fl-ca"/>
      </object_component>
      <object_component id="oc-f8">
         <name>.debug_frame</name>
         <load_address>0x3eb</load_address>
         <run_address>0x3eb</run_address>
         <size>0x86</size>
         <input_file_ref idref="fl-ca"/>
      </object_component>
      <object_component id="oc-91">
         <name>.debug_frame</name>
         <load_address>0x471</load_address>
         <run_address>0x471</run_address>
         <size>0x8e</size>
         <input_file_ref idref="fl-cc"/>
      </object_component>
      <object_component id="oc-99">
         <name>.debug_abbrev</name>
         <load_address>0x0</load_address>
         <run_address>0x0</run_address>
         <size>0x7c</size>
         <input_file_ref idref="fl-2"/>
      </object_component>
      <object_component id="oc-42">
         <name>.debug_abbrev</name>
         <load_address>0x7c</load_address>
         <run_address>0x7c</run_address>
         <size>0x29</size>
         <input_file_ref idref="fl-2"/>
      </object_component>
      <object_component id="oc-82">
         <name>.debug_abbrev</name>
         <load_address>0xa5</load_address>
         <run_address>0xa5</run_address>
         <size>0x50</size>
         <input_file_ref idref="fl-2"/>
      </object_component>
      <object_component id="oc-83">
         <name>.debug_abbrev</name>
         <load_address>0xf5</load_address>
         <run_address>0xf5</run_address>
         <size>0x40</size>
         <input_file_ref idref="fl-2"/>
      </object_component>
      <object_component id="oc-85">
         <name>.debug_abbrev</name>
         <load_address>0x135</load_address>
         <run_address>0x135</run_address>
         <size>0x40</size>
         <input_file_ref idref="fl-2"/>
      </object_component>
      <object_component id="oc-84">
         <name>.debug_abbrev</name>
         <load_address>0x175</load_address>
         <run_address>0x175</run_address>
         <size>0x40</size>
         <input_file_ref idref="fl-2"/>
      </object_component>
      <object_component id="oc-9d">
         <name>.debug_abbrev</name>
         <load_address>0x1b5</load_address>
         <run_address>0x1b5</run_address>
         <size>0x69</size>
         <input_file_ref idref="fl-2"/>
      </object_component>
      <object_component id="oc-4d">
         <name>.debug_abbrev</name>
         <load_address>0x21e</load_address>
         <run_address>0x21e</run_address>
         <size>0x1f</size>
         <input_file_ref idref="fl-2"/>
      </object_component>
      <object_component id="oc-e0">
         <name>.debug_abbrev</name>
         <load_address>0x23d</load_address>
         <run_address>0x23d</run_address>
         <size>0x5c</size>
         <input_file_ref idref="fl-2"/>
      </object_component>
      <object_component id="oc-96">
         <name>.debug_abbrev</name>
         <load_address>0x299</load_address>
         <run_address>0x299</run_address>
         <size>0x24</size>
         <input_file_ref idref="fl-2"/>
      </object_component>
      <object_component id="oc-177">
         <name>.debug_abbrev</name>
         <load_address>0x2bd</load_address>
         <run_address>0x2bd</run_address>
         <size>0x80</size>
         <input_file_ref idref="fl-3"/>
      </object_component>
      <object_component id="oc-14c">
         <name>.debug_abbrev</name>
         <load_address>0x33d</load_address>
         <run_address>0x33d</run_address>
         <size>0x7b</size>
         <input_file_ref idref="fl-3"/>
      </object_component>
      <object_component id="oc-ff">
         <name>.debug_abbrev</name>
         <load_address>0x3b8</load_address>
         <run_address>0x3b8</run_address>
         <size>0x63</size>
         <input_file_ref idref="fl-3"/>
      </object_component>
      <object_component id="oc-93">
         <name>.debug_abbrev</name>
         <load_address>0x41b</load_address>
         <run_address>0x41b</run_address>
         <size>0x7b</size>
         <input_file_ref idref="fl-3"/>
      </object_component>
      <object_component id="oc-102">
         <name>.debug_abbrev</name>
         <load_address>0x496</load_address>
         <run_address>0x496</run_address>
         <size>0x1f</size>
         <input_file_ref idref="fl-3"/>
      </object_component>
      <object_component id="oc-80">
         <name>.debug_abbrev</name>
         <load_address>0x4b5</load_address>
         <run_address>0x4b5</run_address>
         <size>0x29</size>
         <input_file_ref idref="fl-c1"/>
      </object_component>
      <object_component id="oc-c8">
         <name>.debug_abbrev</name>
         <load_address>0x4de</load_address>
         <run_address>0x4de</run_address>
         <size>0x61</size>
         <input_file_ref idref="fl-c1"/>
      </object_component>
      <object_component id="oc-14e">
         <name>.debug_abbrev</name>
         <load_address>0x53f</load_address>
         <run_address>0x53f</run_address>
         <size>0x45</size>
         <input_file_ref idref="fl-c2"/>
      </object_component>
      <object_component id="oc-f2">
         <name>.debug_abbrev</name>
         <load_address>0x584</load_address>
         <run_address>0x584</run_address>
         <size>0x55</size>
         <input_file_ref idref="fl-c8"/>
      </object_component>
      <object_component id="oc-143">
         <name>.debug_abbrev</name>
         <load_address>0x5d9</load_address>
         <run_address>0x5d9</run_address>
         <size>0x72</size>
         <input_file_ref idref="fl-ca"/>
      </object_component>
      <object_component id="oc-175">
         <name>.debug_abbrev</name>
         <load_address>0x64b</load_address>
         <run_address>0x64b</run_address>
         <size>0x27</size>
         <input_file_ref idref="fl-ca"/>
      </object_component>
      <object_component id="oc-d3">
         <name>.debug_abbrev</name>
         <load_address>0x672</load_address>
         <run_address>0x672</run_address>
         <size>0x6c</size>
         <input_file_ref idref="fl-ca"/>
      </object_component>
      <object_component id="oc-14b">
         <name>.debug_abbrev</name>
         <load_address>0x6de</load_address>
         <run_address>0x6de</run_address>
         <size>0x6c</size>
         <input_file_ref idref="fl-ca"/>
      </object_component>
      <object_component id="oc-d6">
         <name>.debug_abbrev</name>
         <load_address>0x74a</load_address>
         <run_address>0x74a</run_address>
         <size>0x35</size>
         <input_file_ref idref="fl-ca"/>
      </object_component>
      <object_component id="oc-16e">
         <name>.debug_abbrev</name>
         <load_address>0x77f</load_address>
         <run_address>0x77f</run_address>
         <size>0xb0</size>
         <input_file_ref idref="fl-cc"/>
      </object_component>
      <object_component id="oc-145">
         <name>.debug_abbrev</name>
         <load_address>0x82f</load_address>
         <run_address>0x82f</run_address>
         <size>0x27</size>
         <input_file_ref idref="fl-cc"/>
      </object_component>
      <object_component id="oc-dd">
         <name>.debug_abbrev</name>
         <load_address>0x856</load_address>
         <run_address>0x856</run_address>
         <size>0x60</size>
         <input_file_ref idref="fl-cc"/>
      </object_component>
      <object_component id="oc-172">
         <name>.debug_abbrev</name>
         <load_address>0x8b6</load_address>
         <run_address>0x8b6</run_address>
         <size>0x49</size>
         <input_file_ref idref="fl-cc"/>
      </object_component>
      <object_component id="oc-1d3">
         <name>.debug_abbrev</name>
         <load_address>0x8ff</load_address>
         <run_address>0x8ff</run_address>
         <size>0xf</size>
      </object_component>
      <object_component id="oc-9f">
         <name>.debug_str</name>
         <load_address>0x0</load_address>
         <run_address>0x0</run_address>
         <size>0x2ae</size>
         <input_file_ref idref="fl-2"/>
      </object_component>
      <object_component id="oc-4f">
         <name>.debug_str</name>
         <load_address>0x2ae</load_address>
         <run_address>0x2ae</run_address>
         <size>0xfa</size>
         <input_file_ref idref="fl-2"/>
      </object_component>
      <object_component id="oc-e2">
         <name>.debug_str</name>
         <load_address>0x3a8</load_address>
         <run_address>0x3a8</run_address>
         <size>0x33d</size>
         <input_file_ref idref="fl-2"/>
      </object_component>
      <object_component id="oc-98">
         <name>.debug_str</name>
         <load_address>0x6e5</load_address>
         <run_address>0x6e5</run_address>
         <size>0x146</size>
         <input_file_ref idref="fl-2"/>
      </object_component>
      <object_component id="oc-104">
         <name>.debug_str</name>
         <load_address>0x82b</load_address>
         <run_address>0x82b</run_address>
         <size>0xfa</size>
         <input_file_ref idref="fl-3"/>
      </object_component>
      <object_component id="oc-d8">
         <name>.debug_str</name>
         <load_address>0x925</load_address>
         <run_address>0x925</run_address>
         <size>0x241</size>
         <input_file_ref idref="fl-ca"/>
      </object_component>
      <object_component id="oc-174">
         <name>.debug_str</name>
         <load_address>0xb66</load_address>
         <run_address>0xb66</run_address>
         <size>0x141</size>
         <input_file_ref idref="fl-cc"/>
      </object_component>
      <object_component id="oc-26">
         <name>.debug_aranges</name>
         <load_address>0x0</load_address>
         <run_address>0x0</run_address>
         <size>0x20</size>
         <input_file_ref idref="fl-2"/>
      </object_component>
      <object_component id="oc-2c">
         <name>.debug_aranges</name>
         <load_address>0x20</load_address>
         <run_address>0x20</run_address>
         <size>0x20</size>
         <input_file_ref idref="fl-2"/>
      </object_component>
      <object_component id="oc-38">
         <name>.debug_aranges</name>
         <load_address>0x40</load_address>
         <run_address>0x40</run_address>
         <size>0x20</size>
         <input_file_ref idref="fl-2"/>
      </object_component>
      <object_component id="oc-32">
         <name>.debug_aranges</name>
         <load_address>0x60</load_address>
         <run_address>0x60</run_address>
         <size>0x20</size>
         <input_file_ref idref="fl-2"/>
      </object_component>
      <object_component id="oc-fb">
         <name>.debug_aranges</name>
         <load_address>0x80</load_address>
         <run_address>0x80</run_address>
         <size>0x20</size>
         <input_file_ref idref="fl-3"/>
      </object_component>
      <object_component id="oc-c3">
         <name>.debug_aranges</name>
         <load_address>0xa0</load_address>
         <run_address>0xa0</run_address>
         <size>0x20</size>
         <input_file_ref idref="fl-3"/>
      </object_component>
      <object_component id="oc-3e">
         <name>.debug_aranges</name>
         <load_address>0xc0</load_address>
         <run_address>0xc0</run_address>
         <size>0x20</size>
         <input_file_ref idref="fl-3"/>
      </object_component>
      <object_component id="oc-6a">
         <name>.debug_aranges</name>
         <load_address>0xe0</load_address>
         <run_address>0xe0</run_address>
         <size>0x20</size>
         <input_file_ref idref="fl-c1"/>
      </object_component>
      <object_component id="oc-107">
         <name>.debug_aranges</name>
         <load_address>0x100</load_address>
         <run_address>0x100</run_address>
         <size>0x20</size>
         <input_file_ref idref="fl-c2"/>
      </object_component>
      <object_component id="oc-bd">
         <name>.debug_aranges</name>
         <load_address>0x120</load_address>
         <run_address>0x120</run_address>
         <size>0x20</size>
         <input_file_ref idref="fl-c8"/>
      </object_component>
      <object_component id="oc-88">
         <name>.debug_aranges</name>
         <load_address>0x140</load_address>
         <run_address>0x140</run_address>
         <size>0x20</size>
         <input_file_ref idref="fl-ca"/>
      </object_component>
      <object_component id="oc-f5">
         <name>.debug_aranges</name>
         <load_address>0x160</load_address>
         <run_address>0x160</run_address>
         <size>0x20</size>
         <input_file_ref idref="fl-ca"/>
      </object_component>
      <object_component id="oc-8e">
         <name>.debug_aranges</name>
         <load_address>0x180</load_address>
         <run_address>0x180</run_address>
         <size>0x20</size>
         <input_file_ref idref="fl-cc"/>
      </object_component>
      <object_component id="oc-11">
         <name>.debug_pubnames</name>
         <load_address>0x0</load_address>
         <run_address>0x0</run_address>
         <size>0x23</size>
         <input_file_ref idref="fl-2"/>
      </object_component>
      <object_component id="oc-27">
         <name>.debug_pubnames</name>
         <load_address>0x23</load_address>
         <run_address>0x23</run_address>
         <size>0x1f</size>
         <input_file_ref idref="fl-2"/>
      </object_component>
      <object_component id="oc-2d">
         <name>.debug_pubnames</name>
         <load_address>0x42</load_address>
         <run_address>0x42</run_address>
         <size>0x1c</size>
         <input_file_ref idref="fl-2"/>
      </object_component>
      <object_component id="oc-39">
         <name>.debug_pubnames</name>
         <load_address>0x5e</load_address>
         <run_address>0x5e</run_address>
         <size>0x28</size>
         <input_file_ref idref="fl-2"/>
      </object_component>
      <object_component id="oc-33">
         <name>.debug_pubnames</name>
         <load_address>0x86</load_address>
         <run_address>0x86</run_address>
         <size>0x1f</size>
         <input_file_ref idref="fl-2"/>
      </object_component>
      <object_component id="oc-fc">
         <name>.debug_pubnames</name>
         <load_address>0xa5</load_address>
         <run_address>0xa5</run_address>
         <size>0x1f</size>
         <input_file_ref idref="fl-3"/>
      </object_component>
      <object_component id="oc-c4">
         <name>.debug_pubnames</name>
         <load_address>0xc4</load_address>
         <run_address>0xc4</run_address>
         <size>0x1b</size>
         <input_file_ref idref="fl-3"/>
      </object_component>
      <object_component id="oc-3f">
         <name>.debug_pubnames</name>
         <load_address>0xdf</load_address>
         <run_address>0xdf</run_address>
         <size>0x25</size>
         <input_file_ref idref="fl-3"/>
      </object_component>
      <object_component id="oc-23">
         <name>.debug_pubnames</name>
         <load_address>0x104</load_address>
         <run_address>0x104</run_address>
         <size>0x1e</size>
         <input_file_ref idref="fl-c1"/>
      </object_component>
      <object_component id="oc-6b">
         <name>.debug_pubnames</name>
         <load_address>0x122</load_address>
         <run_address>0x122</run_address>
         <size>0x2d</size>
         <input_file_ref idref="fl-c1"/>
      </object_component>
      <object_component id="oc-108">
         <name>.debug_pubnames</name>
         <load_address>0x14f</load_address>
         <run_address>0x14f</run_address>
         <size>0x1c</size>
         <input_file_ref idref="fl-c2"/>
      </object_component>
      <object_component id="oc-be">
         <name>.debug_pubnames</name>
         <load_address>0x16b</load_address>
         <run_address>0x16b</run_address>
         <size>0x27</size>
         <input_file_ref idref="fl-c8"/>
      </object_component>
      <object_component id="oc-14a">
         <name>.debug_pubnames</name>
         <load_address>0x192</load_address>
         <run_address>0x192</run_address>
         <size>0x2b</size>
         <input_file_ref idref="fl-ca"/>
      </object_component>
      <object_component id="oc-89">
         <name>.debug_pubnames</name>
         <load_address>0x1bd</load_address>
         <run_address>0x1bd</run_address>
         <size>0x23</size>
         <input_file_ref idref="fl-ca"/>
      </object_component>
      <object_component id="oc-f6">
         <name>.debug_pubnames</name>
         <load_address>0x1e0</load_address>
         <run_address>0x1e0</run_address>
         <size>0x27</size>
         <input_file_ref idref="fl-ca"/>
      </object_component>
      <object_component id="oc-dc">
         <name>.debug_pubnames</name>
         <load_address>0x207</load_address>
         <run_address>0x207</run_address>
         <size>0x23</size>
         <input_file_ref idref="fl-cc"/>
      </object_component>
      <object_component id="oc-8f">
         <name>.debug_pubnames</name>
         <load_address>0x22a</load_address>
         <run_address>0x22a</run_address>
         <size>0x25</size>
         <input_file_ref idref="fl-cc"/>
      </object_component>
      <object_component id="oc-9c">
         <name>.debug_pubtypes</name>
         <load_address>0x0</load_address>
         <run_address>0x0</run_address>
         <size>0x25c</size>
         <input_file_ref idref="fl-2"/>
      </object_component>
      <object_component id="oc-4c">
         <name>.debug_pubtypes</name>
         <load_address>0x25c</load_address>
         <run_address>0x25c</run_address>
         <size>0xed</size>
         <input_file_ref idref="fl-2"/>
      </object_component>
      <object_component id="oc-df">
         <name>.debug_pubtypes</name>
         <load_address>0x349</load_address>
         <run_address>0x349</run_address>
         <size>0x325</size>
         <input_file_ref idref="fl-2"/>
      </object_component>
      <object_component id="oc-95">
         <name>.debug_pubtypes</name>
         <load_address>0x66e</load_address>
         <run_address>0x66e</run_address>
         <size>0xaa</size>
         <input_file_ref idref="fl-2"/>
      </object_component>
      <object_component id="oc-101">
         <name>.debug_pubtypes</name>
         <load_address>0x718</load_address>
         <run_address>0x718</run_address>
         <size>0xff</size>
         <input_file_ref idref="fl-3"/>
      </object_component>
      <object_component id="oc-d5">
         <name>.debug_pubtypes</name>
         <load_address>0x817</load_address>
         <run_address>0x817</run_address>
         <size>0x1c6</size>
         <input_file_ref idref="fl-ca"/>
      </object_component>
      <object_component id="oc-171">
         <name>.debug_pubtypes</name>
         <load_address>0x9dd</load_address>
         <run_address>0x9dd</run_address>
         <size>0x28</size>
         <input_file_ref idref="fl-cc"/>
      </object_component>
   </object_component_list>
   <logical_group_list>
      <logical_group id="lg-3" display="no" color="cyan">
         <name>.intvecs</name>
         <load_address>0x0</load_address>
         <run_address>0x0</run_address>
         <size>0x26c</size>
         <contents>
            <object_component_ref idref="oc-f"/>
         </contents>
      </logical_group>
      <logical_group id="lg-4" display="no" color="cyan">
         <name>.text</name>
         <load_address>0x26c</load_address>
         <run_address>0x26c</run_address>
         <size>0x318</size>
         <contents>
            <object_component_ref idref="oc-8c"/>
            <object_component_ref idref="oc-c1"/>
            <object_component_ref idref="oc-3c"/>
            <object_component_ref idref="oc-f3"/>
            <object_component_ref idref="oc-68"/>
            <object_component_ref idref="oc-f9"/>
            <object_component_ref idref="oc-86"/>
            <object_component_ref idref="oc-24"/>
            <object_component_ref idref="oc-92"/>
            <object_component_ref idref="oc-bb"/>
            <object_component_ref idref="oc-105"/>
            <object_component_ref idref="oc-30"/>
            <object_component_ref idref="oc-36"/>
            <object_component_ref idref="oc-2a"/>
         </contents>
      </logical_group>
      <logical_group id="lg-5" display="no" color="cyan">
         <name>.const</name>
         <load_address>0x584</load_address>
         <run_address>0x584</run_address>
         <size>0xfc</size>
         <contents>
            <object_component_ref idref="oc-148"/>
            <object_component_ref idref="oc-da"/>
         </contents>
      </logical_group>
      <logical_group id="lg-6" display="no" color="cyan">
         <name>.cinit</name>
         <run_address>0x0</run_address>
         <size>0x0</size>
         <contents>
         </contents>
      </logical_group>
      <logical_group id="lg-7" display="no" color="cyan">
         <name>.pinit</name>
         <run_address>0x0</run_address>
         <size>0x0</size>
         <contents>
         </contents>
      </logical_group>
      <logical_group id="lg-8" display="no" color="cyan">
         <name>.init_array</name>
         <run_address>0x0</run_address>
         <size>0x0</size>
         <contents>
         </contents>
      </logical_group>
      <logical_group id="lg-9" display="no" color="cyan">
         <name>.vtable</name>
         <run_address>0x0</run_address>
         <size>0x0</size>
         <contents>
         </contents>
      </logical_group>
      <logical_group id="lg-a" display="no" color="cyan">
         <name>.data</name>
         <run_address>0x0</run_address>
         <size>0x0</size>
         <contents>
         </contents>
      </logical_group>
      <logical_group id="lg-b" display="no" color="cyan">
         <name>.bss</name>
         <run_address>0x0</run_address>
         <size>0x0</size>
         <contents>
         </contents>
      </logical_group>
      <logical_group id="lg-c" display="no" color="cyan">
         <name>.sysmem</name>
         <run_address>0x0</run_address>
         <size>0x0</size>
         <contents>
         </contents>
      </logical_group>
      <logical_group id="lg-d" display="no" color="cyan">
         <name>.stack</name>
         <run_address>0x20000000</run_address>
         <size>0x100</size>
         <contents>
            <object_component_ref idref="oc-21"/>
            <object_component_ref idref="oc-1d1"/>
         </contents>
      </logical_group>
      <logical_group id="lg-1a9" display="no" color="cyan">
         <name>.TI.noinit</name>
         <run_address>0x0</run_address>
         <size>0x0</size>
         <contents>
         </contents>
      </logical_group>
      <logical_group id="lg-1aa" display="no" color="cyan">
         <name>.TI.persistent</name>
         <run_address>0x0</run_address>
         <size>0x0</size>
         <contents>
         </contents>
      </logical_group>
      <logical_group id="lg-1b8" display="never" color="cyan">
         <name>.debug_info</name>
         <load_address>0x0</load_address>
         <run_address>0x0</run_address>
         <size>0x2db0</size>
         <contents>
            <object_component_ref idref="oc-44"/>
            <object_component_ref idref="oc-10"/>
            <object_component_ref idref="oc-25"/>
            <object_component_ref idref="oc-2b"/>
            <object_component_ref idref="oc-37"/>
            <object_component_ref idref="oc-31"/>
            <object_component_ref idref="oc-9b"/>
            <object_component_ref idref="oc-4b"/>
            <object_component_ref idref="oc-de"/>
            <object_component_ref idref="oc-94"/>
            <object_component_ref idref="oc-14d"/>
            <object_component_ref idref="oc-fa"/>
            <object_component_ref idref="oc-c2"/>
            <object_component_ref idref="oc-3d"/>
            <object_component_ref idref="oc-100"/>
            <object_component_ref idref="oc-22"/>
            <object_component_ref idref="oc-69"/>
            <object_component_ref idref="oc-106"/>
            <object_component_ref idref="oc-bc"/>
            <object_component_ref idref="oc-d9"/>
            <object_component_ref idref="oc-149"/>
            <object_component_ref idref="oc-87"/>
            <object_component_ref idref="oc-f4"/>
            <object_component_ref idref="oc-d4"/>
            <object_component_ref idref="oc-147"/>
            <object_component_ref idref="oc-db"/>
            <object_component_ref idref="oc-8d"/>
            <object_component_ref idref="oc-170"/>
            <object_component_ref idref="oc-1d2"/>
         </contents>
      </logical_group>
      <logical_group id="lg-1ba" display="never" color="cyan">
         <name>.debug_line</name>
         <load_address>0x0</load_address>
         <run_address>0x0</run_address>
         <size>0xba4</size>
         <contents>
            <object_component_ref idref="oc-9a"/>
            <object_component_ref idref="oc-43"/>
            <object_component_ref idref="oc-28"/>
            <object_component_ref idref="oc-2e"/>
            <object_component_ref idref="oc-3a"/>
            <object_component_ref idref="oc-34"/>
            <object_component_ref idref="oc-9e"/>
            <object_component_ref idref="oc-4e"/>
            <object_component_ref idref="oc-e1"/>
            <object_component_ref idref="oc-97"/>
            <object_component_ref idref="oc-178"/>
            <object_component_ref idref="oc-fd"/>
            <object_component_ref idref="oc-c5"/>
            <object_component_ref idref="oc-40"/>
            <object_component_ref idref="oc-103"/>
            <object_component_ref idref="oc-81"/>
            <object_component_ref idref="oc-6c"/>
            <object_component_ref idref="oc-10a"/>
            <object_component_ref idref="oc-bf"/>
            <object_component_ref idref="oc-144"/>
            <object_component_ref idref="oc-176"/>
            <object_component_ref idref="oc-8a"/>
            <object_component_ref idref="oc-f7"/>
            <object_component_ref idref="oc-d7"/>
            <object_component_ref idref="oc-16f"/>
            <object_component_ref idref="oc-146"/>
            <object_component_ref idref="oc-90"/>
            <object_component_ref idref="oc-173"/>
         </contents>
      </logical_group>
      <logical_group id="lg-1bc" display="never" color="cyan">
         <name>.debug_frame</name>
         <load_address>0x0</load_address>
         <run_address>0x0</run_address>
         <size>0x4ff</size>
         <contents>
            <object_component_ref idref="oc-29"/>
            <object_component_ref idref="oc-2f"/>
            <object_component_ref idref="oc-3b"/>
            <object_component_ref idref="oc-35"/>
            <object_component_ref idref="oc-fe"/>
            <object_component_ref idref="oc-c6"/>
            <object_component_ref idref="oc-41"/>
            <object_component_ref idref="oc-6d"/>
            <object_component_ref idref="oc-109"/>
            <object_component_ref idref="oc-c0"/>
            <object_component_ref idref="oc-8b"/>
            <object_component_ref idref="oc-f8"/>
            <object_component_ref idref="oc-91"/>
         </contents>
      </logical_group>
      <logical_group id="lg-1be" display="never" color="cyan">
         <name>.debug_abbrev</name>
         <load_address>0x0</load_address>
         <run_address>0x0</run_address>
         <size>0x90e</size>
         <contents>
            <object_component_ref idref="oc-99"/>
            <object_component_ref idref="oc-42"/>
            <object_component_ref idref="oc-82"/>
            <object_component_ref idref="oc-83"/>
            <object_component_ref idref="oc-85"/>
            <object_component_ref idref="oc-84"/>
            <object_component_ref idref="oc-9d"/>
            <object_component_ref idref="oc-4d"/>
            <object_component_ref idref="oc-e0"/>
            <object_component_ref idref="oc-96"/>
            <object_component_ref idref="oc-177"/>
            <object_component_ref idref="oc-14c"/>
            <object_component_ref idref="oc-ff"/>
            <object_component_ref idref="oc-93"/>
            <object_component_ref idref="oc-102"/>
            <object_component_ref idref="oc-80"/>
            <object_component_ref idref="oc-c8"/>
            <object_component_ref idref="oc-14e"/>
            <object_component_ref idref="oc-f2"/>
            <object_component_ref idref="oc-143"/>
            <object_component_ref idref="oc-175"/>
            <object_component_ref idref="oc-d3"/>
            <object_component_ref idref="oc-14b"/>
            <object_component_ref idref="oc-d6"/>
            <object_component_ref idref="oc-16e"/>
            <object_component_ref idref="oc-145"/>
            <object_component_ref idref="oc-dd"/>
            <object_component_ref idref="oc-172"/>
            <object_component_ref idref="oc-1d3"/>
         </contents>
      </logical_group>
      <logical_group id="lg-1c0" display="never" color="cyan">
         <name>.debug_str</name>
         <load_address>0x0</load_address>
         <run_address>0x0</run_address>
         <size>0xca7</size>
         <contents>
            <object_component_ref idref="oc-9f"/>
            <object_component_ref idref="oc-4f"/>
            <object_component_ref idref="oc-e2"/>
            <object_component_ref idref="oc-98"/>
            <object_component_ref idref="oc-104"/>
            <object_component_ref idref="oc-d8"/>
            <object_component_ref idref="oc-174"/>
         </contents>
      </logical_group>
      <logical_group id="lg-1c2" display="never" color="cyan">
         <name>.debug_aranges</name>
         <load_address>0x0</load_address>
         <run_address>0x0</run_address>
         <size>0x1a0</size>
         <contents>
            <object_component_ref idref="oc-26"/>
            <object_component_ref idref="oc-2c"/>
            <object_component_ref idref="oc-38"/>
            <object_component_ref idref="oc-32"/>
            <object_component_ref idref="oc-fb"/>
            <object_component_ref idref="oc-c3"/>
            <object_component_ref idref="oc-3e"/>
            <object_component_ref idref="oc-6a"/>
            <object_component_ref idref="oc-107"/>
            <object_component_ref idref="oc-bd"/>
            <object_component_ref idref="oc-88"/>
            <object_component_ref idref="oc-f5"/>
            <object_component_ref idref="oc-8e"/>
         </contents>
      </logical_group>
      <logical_group id="lg-1c4" display="never" color="cyan">
         <name>.debug_pubnames</name>
         <load_address>0x0</load_address>
         <run_address>0x0</run_address>
         <size>0x24f</size>
         <contents>
            <object_component_ref idref="oc-11"/>
            <object_component_ref idref="oc-27"/>
            <object_component_ref idref="oc-2d"/>
            <object_component_ref idref="oc-39"/>
            <object_component_ref idref="oc-33"/>
            <object_component_ref idref="oc-fc"/>
            <object_component_ref idref="oc-c4"/>
            <object_component_ref idref="oc-3f"/>
            <object_component_ref idref="oc-23"/>
            <object_component_ref idref="oc-6b"/>
            <object_component_ref idref="oc-108"/>
            <object_component_ref idref="oc-be"/>
            <object_component_ref idref="oc-14a"/>
            <object_component_ref idref="oc-89"/>
            <object_component_ref idref="oc-f6"/>
            <object_component_ref idref="oc-dc"/>
            <object_component_ref idref="oc-8f"/>
         </contents>
      </logical_group>
      <logical_group id="lg-1c6" display="never" color="cyan">
         <name>.debug_pubtypes</name>
         <load_address>0x0</load_address>
         <run_address>0x0</run_address>
         <size>0xa05</size>
         <contents>
            <object_component_ref idref="oc-9c"/>
            <object_component_ref idref="oc-4c"/>
            <object_component_ref idref="oc-df"/>
            <object_component_ref idref="oc-95"/>
            <object_component_ref idref="oc-101"/>
            <object_component_ref idref="oc-d5"/>
            <object_component_ref idref="oc-171"/>
         </contents>
      </logical_group>
      <load_segment id="lg-1d4" display="no" color="cyan">
         <name>SEGMENT_0</name>
         <load_address>0x0</load_address>
         <run_address>0x0</run_address>
         <size>0x680</size>
         <flags>0x5</flags>
         <contents>
            <logical_group_ref idref="lg-3"/>
            <logical_group_ref idref="lg-4"/>
            <logical_group_ref idref="lg-5"/>
         </contents>
      </load_segment>
      <load_segment id="lg-1d5" display="no" color="cyan">
         <name>SEGMENT_1</name>
         <run_address>0x20000000</run_address>
         <size>0x100</size>
         <flags>0x6</flags>
         <contents>
            <logical_group_ref idref="lg-d"/>
         </contents>
      </load_segment>
   </logical_group_list>
   <placement_map>
      <memory_area display="yes" color="green">
         <name>FLASH</name>
         <page_id>0x0</page_id>
         <origin>0x0</origin>
         <length>0x40000</length>
         <used_space>0x680</used_space>
         <unused_space>0x3f980</unused_space>
         <attributes>RX</attributes>
         <usage_details>
            <allocated_space>
               <start_address>0x0</start_address>
               <size>0x26c</size>
               <logical_group_ref idref="lg-3"/>
            </allocated_space>
            <allocated_space>
               <start_address>0x26c</start_address>
               <size>0x318</size>
               <logical_group_ref idref="lg-4"/>
            </allocated_space>
            <allocated_space>
               <start_address>0x584</start_address>
               <size>0xfc</size>
               <logical_group_ref idref="lg-5"/>
            </allocated_space>
            <available_space>
               <start_address>0x680</start_address>
               <size>0x3f980</size>
            </available_space>
         </usage_details>
      </memory_area>
      <memory_area display="yes" color="green">
         <name>SRAM</name>
         <page_id>0x0</page_id>
         <origin>0x20000000</origin>
         <length>0x8000</length>
         <used_space>0x100</used_space>
         <unused_space>0x7f00</unused_space>
         <attributes>RWX</attributes>
         <usage_details>
            <allocated_space>
               <start_address>0x20000000</start_address>
               <size>0x100</size>
               <logical_group_ref idref="lg-d"/>
            </allocated_space>
            <available_space>
               <start_address>0x20000100</start_address>
               <size>0x7f00</size>
            </available_space>
         </usage_details>
      </memory_area>
   </placement_map>
   <symbol_table>
      <symbol id="sm-1">
         <name>__STACK_TOP</name>
         <value>0x20000100</value>
      </symbol>
      <symbol id="sm-2">
         <name>binit</name>
         <value>0xffffffff</value>
      </symbol>
      <symbol id="sm-3">
         <name>__binit__</name>
         <value>0xffffffff</value>
      </symbol>
      <symbol id="sm-4">
         <name>__STACK_SIZE</name>
         <value>0x100</value>
      </symbol>
      <symbol id="sm-5">
         <name>__STACK_END</name>
         <value>0x20000100</value>
      </symbol>
      <symbol id="sm-6">
         <name>__c_args__</name>
         <value>0xffffffff</value>
      </symbol>
      <symbol id="sm-7">
         <name>__TI_pprof_out_hndl</name>
         <value>0xffffffff</value>
      </symbol>
      <symbol id="sm-8">
         <name>__TI_prof_data_start</name>
         <value>0xffffffff</value>
      </symbol>
      <symbol id="sm-9">
         <name>__TI_prof_data_size</name>
         <value>0xffffffff</value>
      </symbol>
      <symbol id="sm-a">
         <name>__TI_static_base__</name>
         <value>0x0</value>
      </symbol>
      <symbol id="sm-64">
         <name>ResetISR</name>
         <value>0x56b</value>
         <object_component_ref idref="oc-24"/>
      </symbol>
      <symbol id="sm-65">
         <name>g_pfnVectors</name>
         <value>0x0</value>
         <object_component_ref idref="oc-f"/>
      </symbol>
      <symbol id="sm-9a">
         <name>UARTIntHandler</name>
         <value>0x44d</value>
         <object_component_ref idref="oc-3c"/>
      </symbol>
      <symbol id="sm-9b">
         <name>main</name>
         <value>0x37d</value>
         <object_component_ref idref="oc-c1"/>
      </symbol>
      <symbol id="sm-9c">
         <name>UARTSend</name>
         <value>0x53d</value>
         <object_component_ref idref="oc-f9"/>
      </symbol>
      <symbol id="sm-b2">
         <name>_c_int00_noinit_noargs</name>
         <value>0x50d</value>
         <object_component_ref idref="oc-68"/>
      </symbol>
      <symbol id="sm-b3">
         <name>__stack</name>
         <value>0x20000000</value>
         <object_component_ref idref="oc-21"/>
      </symbol>
      <symbol id="sm-be">
         <name>C$$EXIT</name>
         <value>0x57b</value>
         <object_component_ref idref="oc-105"/>
      </symbol>
      <symbol id="sm-bf">
         <name>abort</name>
         <value>0x57b</value>
         <object_component_ref idref="oc-105"/>
      </symbol>
      <symbol id="sm-ce">
         <name>_system_pre_init</name>
         <value>0x577</value>
         <object_component_ref idref="oc-bb"/>
      </symbol>
      <symbol id="sm-f4">
         <name>GPIOPinConfigure</name>
         <value>0x4c5</value>
         <object_component_ref idref="oc-f3"/>
      </symbol>
      <symbol id="sm-f5">
         <name>GPIOPinWrite</name>
         <value>0x565</value>
         <object_component_ref idref="oc-86"/>
      </symbol>
      <symbol id="sm-128">
         <name>SysCtlDelay</name>
         <value>0x571</value>
         <object_component_ref idref="oc-92"/>
      </symbol>
      <symbol id="sm-129">
         <name>SysCtlClockGet</name>
         <value>0x26d</value>
         <object_component_ref idref="oc-8c"/>
      </symbol>
      <symbol id="sm-12b">
         <name>__mpu_init</name>
         <value>0x0</value>
      </symbol>
   </symbol_table>
   <title>Link successful</title>
</link_info>
